"go_gc_duration_seconds","app","mysql","A summary of the GC invocation durations.","summary"
"go_goroutines","app","mysql","Number of goroutines that currently exist.","gauge"
"go_memstats_alloc_bytes","app","mysql","Number of bytes allocated and still in use.","gauge"
"go_memstats_alloc_bytes_total","app","mysql","Total number of bytes allocated, even if freed.","counter"
"go_memstats_buck_hash_sys_bytes","app","mysql","Number of bytes used by the profiling bucket hash table.","gauge"
"go_memstats_frees_total","app","mysql","Total number of frees.","counter"
"go_memstats_gc_sys_bytes","app","mysql","Number of bytes used for garbage collection system metadata.","gauge"
"go_memstats_heap_alloc_bytes","app","mysql","Number of heap bytes allocated and still in use.","gauge"
"go_memstats_heap_idle_bytes","app","mysql","Number of heap bytes waiting to be used.","gauge"
"go_memstats_heap_inuse_bytes","app","mysql","Number of heap bytes that are in use.","gauge"
"go_memstats_heap_objects","app","mysql","Number of allocated objects.","gauge"
"go_memstats_heap_released_bytes_total","app","mysql","Total number of heap bytes released to OS.","counter"
"go_memstats_heap_sys_bytes","app","mysql","Number of heap bytes obtained from system.","gauge"
"go_memstats_last_gc_time_seconds","app","mysql","Number of seconds since 1970 of last garbage collection.","gauge"
"go_memstats_lookups_total","app","mysql","Total number of pointer lookups.","counter"
"go_memstats_mallocs_total","app","mysql","Total number of mallocs.","counter"
"go_memstats_mcache_inuse_bytes","app","mysql","Number of bytes in use by mcache structures.","gauge"
"go_memstats_mcache_sys_bytes","app","mysql","Number of bytes used for mcache structures obtained from system.","gauge"
"go_memstats_mspan_inuse_bytes","app","mysql","Number of bytes in use by mspan structures.","gauge"
"go_memstats_mspan_sys_bytes","app","mysql","Number of bytes used for mspan structures obtained from system.","gauge"
"go_memstats_next_gc_bytes","app","mysql","Number of heap bytes when next garbage collection will take place.","gauge"
"go_memstats_other_sys_bytes","app","mysql","Number of bytes used for other system allocations.","gauge"
"go_memstats_stack_inuse_bytes","app","mysql","Number of bytes in use by the stack allocator.","gauge"
"go_memstats_stack_sys_bytes","app","mysql","Number of bytes obtained from system for stack allocator.","gauge"
"go_memstats_sys_bytes","app","mysql","Number of bytes obtained by system. Sum of all system allocations.","gauge"
"http_request_duration_microseconds","app","mysql","The HTTP request latencies in microseconds.","summary"
"http_request_size_bytes","app","mysql","The HTTP request sizes in bytes.","summary"
"http_requests_total","app","mysql","Total number of HTTP requests made.","counter"
"http_response_size_bytes","app","mysql","The HTTP response sizes in bytes.","summary"
"mysql_exporter_last_scrape_duration_seconds","app","mysql","Duration of the last scrape of metrics from MySQL.","gauge"
"mysql_exporter_last_scrape_error","app","mysql","Whether the last scrape of metrics from MySQL resulted in an error (1 for error, 0 for success).","gauge"
"mysql_exporter_scrapes_total","app","mysql","Total number of times MySQL was scraped for metrics.","counter"
"mysql_global_status_aborted_clients","app","mysql","Generic metric from SHOW GLOBAL STATUS.","untyped"
"mysql_global_status_aborted_connects","app","mysql","Generic metric from SHOW GLOBAL STATUS.","untyped"
"mysql_global_status_binlog_cache_disk_use","app","mysql","Generic metric from SHOW GLOBAL STATUS.","untyped"
"mysql_global_status_binlog_cache_use","app","mysql","Generic metric from SHOW GLOBAL STATUS.","untyped"
"mysql_global_status_binlog_stmt_cache_disk_use","app","mysql","Generic metric from SHOW GLOBAL STATUS.","untyped"
"mysql_global_status_binlog_stmt_cache_use","app","mysql","Generic metric from SHOW GLOBAL STATUS.","untyped"
"mysql_global_status_buffer_pool_page_changes_total","app","mysql","Innodb buffer pool page state changes.","counter"
"mysql_global_status_buffer_pool_pages","app","mysql","Innodb buffer pool pages by state.","gauge"
"mysql_global_status_bytes_received","app","mysql","Generic metric from SHOW GLOBAL STATUS.","untyped"
"mysql_global_status_bytes_sent","app","mysql","Generic metric from SHOW GLOBAL STATUS.","untyped"
"mysql_global_status_commands_total","app","mysql","Total number of executed MySQL commands.","counter"
"mysql_global_status_compression","app","mysql","Generic metric from SHOW GLOBAL STATUS.","untyped"
"mysql_global_status_connections","app","mysql","Generic metric from SHOW GLOBAL STATUS.","untyped"
"mysql_global_status_created_tmp_disk_tables","app","mysql","Generic metric from SHOW GLOBAL STATUS.","untyped"
"mysql_global_status_created_tmp_files","app","mysql","Generic metric from SHOW GLOBAL STATUS.","untyped"
"mysql_global_status_created_tmp_tables","app","mysql","Generic metric from SHOW GLOBAL STATUS.","untyped"
"mysql_global_status_delayed_errors","app","mysql","Generic metric from SHOW GLOBAL STATUS.","untyped"
"mysql_global_status_delayed_insert_threads","app","mysql","Generic metric from SHOW GLOBAL STATUS.","untyped"
"mysql_global_status_delayed_writes","app","mysql","Generic metric from SHOW GLOBAL STATUS.","untyped"
"mysql_global_status_flush_commands","app","mysql","Generic metric from SHOW GLOBAL STATUS.","untyped"
"mysql_global_status_handlers_total","app","mysql","Total number of executed MySQL handlers.","counter"
"mysql_global_status_innodb_buffer_pool_bytes_data","app","mysql","Generic metric from SHOW GLOBAL STATUS.","untyped"
"mysql_global_status_innodb_buffer_pool_bytes_dirty","app","mysql","Generic metric from SHOW GLOBAL STATUS.","untyped"
"mysql_global_status_innodb_buffer_pool_read_ahead","app","mysql","Generic metric from SHOW GLOBAL STATUS.","untyped"
"mysql_global_status_innodb_buffer_pool_read_ahead_","app","mysql","Generic metric from SHOW GLOBAL STATUS.","untyped"
"mysql_global_status_innodb_buffer_pool_read_ahead_","app","mysql","Generic metric from SHOW GLOBAL STATUS.","untyped"
"mysql_global_status_innodb_buffer_pool_read_reques","app","mysql","Generic metric from SHOW GLOBAL STATUS.","untyped"
"mysql_global_status_innodb_buffer_pool_reads","app","mysql","Generic metric from SHOW GLOBAL STATUS.","untyped"
"mysql_global_status_innodb_buffer_pool_wait_free","app","mysql","Generic metric from SHOW GLOBAL STATUS.","untyped"
"mysql_global_status_innodb_buffer_pool_write_reque","app","mysql","Generic metric from SHOW GLOBAL STATUS.","untyped"
"mysql_global_status_innodb_data_fsyncs","app","mysql","Generic metric from SHOW GLOBAL STATUS.","untyped"
"mysql_global_status_innodb_data_pending_fsyncs","app","mysql","Generic metric from SHOW GLOBAL STATUS.","untyped"
"mysql_global_status_innodb_data_pending_reads","app","mysql","Generic metric from SHOW GLOBAL STATUS.","untyped"
"mysql_global_status_innodb_data_pending_writes","app","mysql","Generic metric from SHOW GLOBAL STATUS.","untyped"
"mysql_global_status_innodb_data_read","app","mysql","Generic metric from SHOW GLOBAL STATUS.","untyped"
"mysql_global_status_innodb_data_reads","app","mysql","Generic metric from SHOW GLOBAL STATUS.","untyped"
"mysql_global_status_innodb_data_writes","app","mysql","Generic metric from SHOW GLOBAL STATUS.","untyped"
"mysql_global_status_innodb_data_written","app","mysql","Generic metric from SHOW GLOBAL STATUS.","untyped"
"mysql_global_status_innodb_dblwr_pages_written","app","mysql","Generic metric from SHOW GLOBAL STATUS.","untyped"
"mysql_global_status_innodb_dblwr_writes","app","mysql","Generic metric from SHOW GLOBAL STATUS.","untyped"
"mysql_global_status_innodb_have_atomic_builtins","app","mysql","Generic metric from SHOW GLOBAL STATUS.","untyped"
"mysql_global_status_innodb_log_waits","app","mysql","Generic metric from SHOW GLOBAL STATUS.","untyped"
"mysql_global_status_innodb_log_write_requests","app","mysql","Generic metric from SHOW GLOBAL STATUS.","untyped"
"mysql_global_status_innodb_log_writes","app","mysql","Generic metric from SHOW GLOBAL STATUS.","untyped"
"mysql_global_status_innodb_os_log_fsyncs","app","mysql","Generic metric from SHOW GLOBAL STATUS.","untyped"
"mysql_global_status_innodb_os_log_pending_fsyncs","app","mysql","Generic metric from SHOW GLOBAL STATUS.","untyped"
"mysql_global_status_innodb_os_log_pending_writes","app","mysql","Generic metric from SHOW GLOBAL STATUS.","untyped"
"mysql_global_status_innodb_os_log_written","app","mysql","Generic metric from SHOW GLOBAL STATUS.","untyped"
"mysql_global_status_innodb_page_size","app","mysql","Generic metric from SHOW GLOBAL STATUS.","untyped"
"mysql_global_status_innodb_pages_created","app","mysql","Generic metric from SHOW GLOBAL STATUS.","untyped"
"mysql_global_status_innodb_pages_read","app","mysql","Generic metric from SHOW GLOBAL STATUS.","untyped"
"mysql_global_status_innodb_pages_written","app","mysql","Generic metric from SHOW GLOBAL STATUS.","untyped"
"mysql_global_status_innodb_row_lock_current_waits","app","mysql","Generic metric from SHOW GLOBAL STATUS.","untyped"
"mysql_global_status_innodb_row_lock_time","app","mysql","Generic metric from SHOW GLOBAL STATUS.","untyped"
"mysql_global_status_innodb_row_lock_time_avg","app","mysql","Generic metric from SHOW GLOBAL STATUS.","untyped"
"mysql_global_status_innodb_row_lock_time_max","app","mysql","Generic metric from SHOW GLOBAL STATUS.","untyped"
"mysql_global_status_innodb_row_lock_waits","app","mysql","Generic metric from SHOW GLOBAL STATUS.","untyped"
"mysql_global_status_innodb_row_ops_total","app","mysql","Total number of MySQL InnoDB row operations.","counter"
"mysql_global_status_innodb_truncated_status_writes","app","mysql","Generic metric from SHOW GLOBAL STATUS.","untyped"
"mysql_global_status_key_blocks_not_flushed","app","mysql","Generic metric from SHOW GLOBAL STATUS.","untyped"
"mysql_global_status_key_blocks_unused","app","mysql","Generic metric from SHOW GLOBAL STATUS.","untyped"
"mysql_global_status_key_blocks_used","app","mysql","Generic metric from SHOW GLOBAL STATUS.","untyped"
"mysql_global_status_key_read_requests","app","mysql","Generic metric from SHOW GLOBAL STATUS.","untyped"
"mysql_global_status_key_reads","app","mysql","Generic metric from SHOW GLOBAL STATUS.","untyped"
"mysql_global_status_key_write_requests","app","mysql","Generic metric from SHOW GLOBAL STATUS.","untyped"
"mysql_global_status_key_writes","app","mysql","Generic metric from SHOW GLOBAL STATUS.","untyped"
"mysql_global_status_last_query_cost","app","mysql","Generic metric from SHOW GLOBAL STATUS.","untyped"
"mysql_global_status_max_used_connections","app","mysql","Generic metric from SHOW GLOBAL STATUS.","untyped"
"mysql_global_status_not_flushed_delayed_rows","app","mysql","Generic metric from SHOW GLOBAL STATUS.","untyped"
"mysql_global_status_open_files","app","mysql","Generic metric from SHOW GLOBAL STATUS.","untyped"
"mysql_global_status_open_streams","app","mysql","Generic metric from SHOW GLOBAL STATUS.","untyped"
"mysql_global_status_open_table_definitions","app","mysql","Generic metric from SHOW GLOBAL STATUS.","untyped"
"mysql_global_status_open_tables","app","mysql","Generic metric from SHOW GLOBAL STATUS.","untyped"
"mysql_global_status_opened_files","app","mysql","Generic metric from SHOW GLOBAL STATUS.","untyped"
"mysql_global_status_opened_table_definitions","app","mysql","Generic metric from SHOW GLOBAL STATUS.","untyped"
"mysql_global_status_opened_tables","app","mysql","Generic metric from SHOW GLOBAL STATUS.","untyped"
"mysql_global_status_performance_schema_lost_total","app","mysql","Total number of MySQL instrumentations that could not be loaded or created due to memory constraints.","counter"
"mysql_global_status_prepared_stmt_count","app","mysql","Generic metric from SHOW GLOBAL STATUS.","untyped"
"mysql_global_status_qcache_free_blocks","app","mysql","Generic metric from SHOW GLOBAL STATUS.","untyped"
"mysql_global_status_qcache_free_memory","app","mysql","Generic metric from SHOW GLOBAL STATUS.","untyped"
"mysql_global_status_qcache_hits","app","mysql","Generic metric from SHOW GLOBAL STATUS.","untyped"
"mysql_global_status_qcache_inserts","app","mysql","Generic metric from SHOW GLOBAL STATUS.","untyped"
"mysql_global_status_qcache_lowmem_prunes","app","mysql","Generic metric from SHOW GLOBAL STATUS.","untyped"
"mysql_global_status_qcache_not_cached","app","mysql","Generic metric from SHOW GLOBAL STATUS.","untyped"
"mysql_global_status_qcache_queries_in_cache","app","mysql","Generic metric from SHOW GLOBAL STATUS.","untyped"
"mysql_global_status_qcache_total_blocks","app","mysql","Generic metric from SHOW GLOBAL STATUS.","untyped"
"mysql_global_status_queries","app","mysql","Generic metric from SHOW GLOBAL STATUS.","untyped"
"mysql_global_status_questions","app","mysql","Generic metric from SHOW GLOBAL STATUS.","untyped"
"mysql_global_status_select_full_join","app","mysql","Generic metric from SHOW GLOBAL STATUS.","untyped"
"mysql_global_status_select_full_range_join","app","mysql","Generic metric from SHOW GLOBAL STATUS.","untyped"
"mysql_global_status_select_range","app","mysql","Generic metric from SHOW GLOBAL STATUS.","untyped"
"mysql_global_status_select_range_check","app","mysql","Generic metric from SHOW GLOBAL STATUS.","untyped"
"mysql_global_status_select_scan","app","mysql","Generic metric from SHOW GLOBAL STATUS.","untyped"
"mysql_global_status_slave_heartbeat_period","app","mysql","Generic metric from SHOW GLOBAL STATUS.","untyped"
"mysql_global_status_slave_open_temp_tables","app","mysql","Generic metric from SHOW GLOBAL STATUS.","untyped"
"mysql_global_status_slave_received_heartbeats","app","mysql","Generic metric from SHOW GLOBAL STATUS.","untyped"
"mysql_global_status_slave_retried_transactions","app","mysql","Generic metric from SHOW GLOBAL STATUS.","untyped"
"mysql_global_status_slave_running","app","mysql","Generic metric from SHOW GLOBAL STATUS.","untyped"
"mysql_global_status_slow_launch_threads","app","mysql","Generic metric from SHOW GLOBAL STATUS.","untyped"
"mysql_global_status_slow_queries","app","mysql","Generic metric from SHOW GLOBAL STATUS.","untyped"
"mysql_global_status_sort_merge_passes","app","mysql","Generic metric from SHOW GLOBAL STATUS.","untyped"
"mysql_global_status_sort_range","app","mysql","Generic metric from SHOW GLOBAL STATUS.","untyped"
"mysql_global_status_sort_rows","app","mysql","Generic metric from SHOW GLOBAL STATUS.","untyped"
"mysql_global_status_sort_scan","app","mysql","Generic metric from SHOW GLOBAL STATUS.","untyped"
"mysql_global_status_ssl_accept_renegotiates","app","mysql","Generic metric from SHOW GLOBAL STATUS.","untyped"
"mysql_global_status_ssl_accepts","app","mysql","Generic metric from SHOW GLOBAL STATUS.","untyped"
"mysql_global_status_ssl_callback_cache_hits","app","mysql","Generic metric from SHOW GLOBAL STATUS.","untyped"
"mysql_global_status_ssl_client_connects","app","mysql","Generic metric from SHOW GLOBAL STATUS.","untyped"
"mysql_global_status_ssl_connect_renegotiates","app","mysql","Generic metric from SHOW GLOBAL STATUS.","untyped"
"mysql_global_status_ssl_ctx_verify_depth","app","mysql","Generic metric from SHOW GLOBAL STATUS.","untyped"
"mysql_global_status_ssl_ctx_verify_mode","app","mysql","Generic metric from SHOW GLOBAL STATUS.","untyped"
"mysql_global_status_ssl_default_timeout","app","mysql","Generic metric from SHOW GLOBAL STATUS.","untyped"
"mysql_global_status_ssl_finished_accepts","app","mysql","Generic metric from SHOW GLOBAL STATUS.","untyped"
"mysql_global_status_ssl_finished_connects","app","mysql","Generic metric from SHOW GLOBAL STATUS.","untyped"
"mysql_global_status_ssl_session_cache_hits","app","mysql","Generic metric from SHOW GLOBAL STATUS.","untyped"
"mysql_global_status_ssl_session_cache_misses","app","mysql","Generic metric from SHOW GLOBAL STATUS.","untyped"
"mysql_global_status_ssl_session_cache_overflows","app","mysql","Generic metric from SHOW GLOBAL STATUS.","untyped"
"mysql_global_status_ssl_session_cache_size","app","mysql","Generic metric from SHOW GLOBAL STATUS.","untyped"
"mysql_global_status_ssl_session_cache_timeouts","app","mysql","Generic metric from SHOW GLOBAL STATUS.","untyped"
"mysql_global_status_ssl_sessions_reused","app","mysql","Generic metric from SHOW GLOBAL STATUS.","untyped"
"mysql_global_status_ssl_used_session_cache_entries","app","mysql","Generic metric from SHOW GLOBAL STATUS.","untyped"
"mysql_global_status_ssl_verify_depth","app","mysql","Generic metric from SHOW GLOBAL STATUS.","untyped"
"mysql_global_status_ssl_verify_mode","app","mysql","Generic metric from SHOW GLOBAL STATUS.","untyped"
"mysql_global_status_table_locks_immediate","app","mysql","Generic metric from SHOW GLOBAL STATUS.","untyped"
"mysql_global_status_table_locks_waited","app","mysql","Generic metric from SHOW GLOBAL STATUS.","untyped"
"mysql_global_status_tc_log_max_pages_used","app","mysql","Generic metric from SHOW GLOBAL STATUS.","untyped"
"mysql_global_status_tc_log_page_size","app","mysql","Generic metric from SHOW GLOBAL STATUS.","untyped"
"mysql_global_status_tc_log_page_waits","app","mysql","Generic metric from SHOW GLOBAL STATUS.","untyped"
"mysql_global_status_threads_cached","app","mysql","Generic metric from SHOW GLOBAL STATUS.","untyped"
"mysql_global_status_threads_connected","app","mysql","Generic metric from SHOW GLOBAL STATUS.","untyped"
"mysql_global_status_threads_created","app","mysql","Generic metric from SHOW GLOBAL STATUS.","untyped"
"mysql_global_status_threads_running","app","mysql","Generic metric from SHOW GLOBAL STATUS.","untyped"
"mysql_global_status_uptime","app","mysql","Generic metric from SHOW GLOBAL STATUS.","untyped"
"mysql_global_status_uptime_since_flush_status","app","mysql","Generic metric from SHOW GLOBAL STATUS.","untyped"
"mysql_global_variables_auto_increment_increment","app","mysql","Generic gauge metric from SHOW GLOBAL VARIABLES.","gauge"
"mysql_global_variables_auto_increment_offset","app","mysql","Generic gauge metric from SHOW GLOBAL VARIABLES.","gauge"
"mysql_global_variables_autocommit","app","mysql","Generic gauge metric from SHOW GLOBAL VARIABLES.","gauge"
"mysql_global_variables_automatic_sp_privileges","app","mysql","Generic gauge metric from SHOW GLOBAL VARIABLES.","gauge"
"mysql_global_variables_back_log","app","mysql","Generic gauge metric from SHOW GLOBAL VARIABLES.","gauge"
"mysql_global_variables_big_tables","app","mysql","Generic gauge metric from SHOW GLOBAL VARIABLES.","gauge"
"mysql_global_variables_binlog_cache_size","app","mysql","Generic gauge metric from SHOW GLOBAL VARIABLES.","gauge"
"mysql_global_variables_binlog_direct_non_transacti","app","mysql","Generic gauge metric from SHOW GLOBAL VARIABLES.","gauge"
"mysql_global_variables_binlog_stmt_cache_size","app","mysql","Generic gauge metric from SHOW GLOBAL VARIABLES.","gauge"
"mysql_global_variables_bulk_insert_buffer_size","app","mysql","Generic gauge metric from SHOW GLOBAL VARIABLES.","gauge"
"mysql_global_variables_connect_timeout","app","mysql","Generic gauge metric from SHOW GLOBAL VARIABLES.","gauge"
"mysql_global_variables_default_week_format","app","mysql","Generic gauge metric from SHOW GLOBAL VARIABLES.","gauge"
"mysql_global_variables_delay_key_write","app","mysql","Generic gauge metric from SHOW GLOBAL VARIABLES.","gauge"
"mysql_global_variables_delayed_insert_limit","app","mysql","Generic gauge metric from SHOW GLOBAL VARIABLES.","gauge"
"mysql_global_variables_delayed_insert_timeout","app","mysql","Generic gauge metric from SHOW GLOBAL VARIABLES.","gauge"
"mysql_global_variables_delayed_queue_size","app","mysql","Generic gauge metric from SHOW GLOBAL VARIABLES.","gauge"
"mysql_global_variables_div_precision_increment","app","mysql","Generic gauge metric from SHOW GLOBAL VARIABLES.","gauge"
"mysql_global_variables_engine_condition_pushdown","app","mysql","Generic gauge metric from SHOW GLOBAL VARIABLES.","gauge"
"mysql_global_variables_event_scheduler","app","mysql","Generic gauge metric from SHOW GLOBAL VARIABLES.","gauge"
"mysql_global_variables_expire_logs_days","app","mysql","Generic gauge metric from SHOW GLOBAL VARIABLES.","gauge"
"mysql_global_variables_flush","app","mysql","Generic gauge metric from SHOW GLOBAL VARIABLES.","gauge"
"mysql_global_variables_flush_time","app","mysql","Generic gauge metric from SHOW GLOBAL VARIABLES.","gauge"
"mysql_global_variables_foreign_key_checks","app","mysql","Generic gauge metric from SHOW GLOBAL VARIABLES.","gauge"
"mysql_global_variables_ft_max_word_len","app","mysql","Generic gauge metric from SHOW GLOBAL VARIABLES.","gauge"
"mysql_global_variables_ft_min_word_len","app","mysql","Generic gauge metric from SHOW GLOBAL VARIABLES.","gauge"
"mysql_global_variables_ft_query_expansion_limit","app","mysql","Generic gauge metric from SHOW GLOBAL VARIABLES.","gauge"
"mysql_global_variables_general_log","app","mysql","Generic gauge metric from SHOW GLOBAL VARIABLES.","gauge"
"mysql_global_variables_group_concat_max_len","app","mysql","Generic gauge metric from SHOW GLOBAL VARIABLES.","gauge"
"mysql_global_variables_ignore_builtin_innodb","app","mysql","Generic gauge metric from SHOW GLOBAL VARIABLES.","gauge"
"mysql_global_variables_innodb_adaptive_flushing","app","mysql","Generic gauge metric from SHOW GLOBAL VARIABLES.","gauge"
"mysql_global_variables_innodb_adaptive_hash_index","app","mysql","Generic gauge metric from SHOW GLOBAL VARIABLES.","gauge"
"mysql_global_variables_innodb_additional_mem_pool_","app","mysql","Generic gauge metric from SHOW GLOBAL VARIABLES.","gauge"
"mysql_global_variables_innodb_autoextend_increment","app","mysql","Generic gauge metric from SHOW GLOBAL VARIABLES.","gauge"
"mysql_global_variables_innodb_autoinc_lock_mode","app","mysql","Generic gauge metric from SHOW GLOBAL VARIABLES.","gauge"
"mysql_global_variables_innodb_buffer_pool_instance","app","mysql","Generic gauge metric from SHOW GLOBAL VARIABLES.","gauge"
"mysql_global_variables_innodb_buffer_pool_size","app","mysql","Generic gauge metric from SHOW GLOBAL VARIABLES.","gauge"
"mysql_global_variables_innodb_checksums","app","mysql","Generic gauge metric from SHOW GLOBAL VARIABLES.","gauge"
"mysql_global_variables_innodb_commit_concurrency","app","mysql","Generic gauge metric from SHOW GLOBAL VARIABLES.","gauge"
"mysql_global_variables_innodb_concurrency_tickets","app","mysql","Generic gauge metric from SHOW GLOBAL VARIABLES.","gauge"
"mysql_global_variables_innodb_doublewrite","app","mysql","Generic gauge metric from SHOW GLOBAL VARIABLES.","gauge"
"mysql_global_variables_innodb_fast_shutdown","app","mysql","Generic gauge metric from SHOW GLOBAL VARIABLES.","gauge"
"mysql_global_variables_innodb_file_format_check","app","mysql","Generic gauge metric from SHOW GLOBAL VARIABLES.","gauge"
"mysql_global_variables_innodb_file_per_table","app","mysql","Generic gauge metric from SHOW GLOBAL VARIABLES.","gauge"
"mysql_global_variables_innodb_flush_log_at_trx_com","app","mysql","Generic gauge metric from SHOW GLOBAL VARIABLES.","gauge"
"mysql_global_variables_innodb_force_load_corrupted","app","mysql","Generic gauge metric from SHOW GLOBAL VARIABLES.","gauge"
"mysql_global_variables_innodb_force_recovery","app","mysql","Generic gauge metric from SHOW GLOBAL VARIABLES.","gauge"
"mysql_global_variables_innodb_io_capacity","app","mysql","Generic gauge metric from SHOW GLOBAL VARIABLES.","gauge"
"mysql_global_variables_innodb_large_prefix","app","mysql","Generic gauge metric from SHOW GLOBAL VARIABLES.","gauge"
"mysql_global_variables_innodb_lock_wait_timeout","app","mysql","Generic gauge metric from SHOW GLOBAL VARIABLES.","gauge"
"mysql_global_variables_innodb_locks_unsafe_for_bin","app","mysql","Generic gauge metric from SHOW GLOBAL VARIABLES.","gauge"
"mysql_global_variables_innodb_log_buffer_size","app","mysql","Generic gauge metric from SHOW GLOBAL VARIABLES.","gauge"
"mysql_global_variables_innodb_log_file_size","app","mysql","Generic gauge metric from SHOW GLOBAL VARIABLES.","gauge"
"mysql_global_variables_innodb_log_files_in_group","app","mysql","Generic gauge metric from SHOW GLOBAL VARIABLES.","gauge"
"mysql_global_variables_innodb_max_dirty_pages_pct","app","mysql","Generic gauge metric from SHOW GLOBAL VARIABLES.","gauge"
"mysql_global_variables_innodb_max_purge_lag","app","mysql","Generic gauge metric from SHOW GLOBAL VARIABLES.","gauge"
"mysql_global_variables_innodb_mirrored_log_groups","app","mysql","Generic gauge metric from SHOW GLOBAL VARIABLES.","gauge"
"mysql_global_variables_innodb_old_blocks_pct","app","mysql","Generic gauge metric from SHOW GLOBAL VARIABLES.","gauge"
"mysql_global_variables_innodb_old_blocks_time","app","mysql","Generic gauge metric from SHOW GLOBAL VARIABLES.","gauge"
"mysql_global_variables_innodb_open_files","app","mysql","Generic gauge metric from SHOW GLOBAL VARIABLES.","gauge"
"mysql_global_variables_innodb_print_all_deadlocks","app","mysql","Generic gauge metric from SHOW GLOBAL VARIABLES.","gauge"
"mysql_global_variables_innodb_purge_batch_size","app","mysql","Generic gauge metric from SHOW GLOBAL VARIABLES.","gauge"
"mysql_global_variables_innodb_purge_threads","app","mysql","Generic gauge metric from SHOW GLOBAL VARIABLES.","gauge"
"mysql_global_variables_innodb_random_read_ahead","app","mysql","Generic gauge metric from SHOW GLOBAL VARIABLES.","gauge"
"mysql_global_variables_innodb_read_ahead_threshold","app","mysql","Generic gauge metric from SHOW GLOBAL VARIABLES.","gauge"
"mysql_global_variables_innodb_read_io_threads","app","mysql","Generic gauge metric from SHOW GLOBAL VARIABLES.","gauge"
"mysql_global_variables_innodb_replication_delay","app","mysql","Generic gauge metric from SHOW GLOBAL VARIABLES.","gauge"
"mysql_global_variables_innodb_rollback_on_timeout","app","mysql","Generic gauge metric from SHOW GLOBAL VARIABLES.","gauge"
"mysql_global_variables_innodb_rollback_segments","app","mysql","Generic gauge metric from SHOW GLOBAL VARIABLES.","gauge"
"mysql_global_variables_innodb_spin_wait_delay","app","mysql","Generic gauge metric from SHOW GLOBAL VARIABLES.","gauge"
"mysql_global_variables_innodb_stats_on_metadata","app","mysql","Generic gauge metric from SHOW GLOBAL VARIABLES.","gauge"
"mysql_global_variables_innodb_stats_sample_pages","app","mysql","Generic gauge metric from SHOW GLOBAL VARIABLES.","gauge"
"mysql_global_variables_innodb_strict_mode","app","mysql","Generic gauge metric from SHOW GLOBAL VARIABLES.","gauge"
"mysql_global_variables_innodb_support_xa","app","mysql","Generic gauge metric from SHOW GLOBAL VARIABLES.","gauge"
"mysql_global_variables_innodb_sync_spin_loops","app","mysql","Generic gauge metric from SHOW GLOBAL VARIABLES.","gauge"
"mysql_global_variables_innodb_table_locks","app","mysql","Generic gauge metric from SHOW GLOBAL VARIABLES.","gauge"
"mysql_global_variables_innodb_thread_concurrency","app","mysql","Generic gauge metric from SHOW GLOBAL VARIABLES.","gauge"
"mysql_global_variables_innodb_thread_sleep_delay","app","mysql","Generic gauge metric from SHOW GLOBAL VARIABLES.","gauge"
"mysql_global_variables_innodb_use_native_aio","app","mysql","Generic gauge metric from SHOW GLOBAL VARIABLES.","gauge"
"mysql_global_variables_innodb_use_sys_malloc","app","mysql","Generic gauge metric from SHOW GLOBAL VARIABLES.","gauge"
"mysql_global_variables_innodb_write_io_threads","app","mysql","Generic gauge metric from SHOW GLOBAL VARIABLES.","gauge"
"mysql_global_variables_interactive_timeout","app","mysql","Generic gauge metric from SHOW GLOBAL VARIABLES.","gauge"
"mysql_global_variables_join_buffer_size","app","mysql","Generic gauge metric from SHOW GLOBAL VARIABLES.","gauge"
"mysql_global_variables_keep_files_on_create","app","mysql","Generic gauge metric from SHOW GLOBAL VARIABLES.","gauge"
"mysql_global_variables_key_buffer_size","app","mysql","Generic gauge metric from SHOW GLOBAL VARIABLES.","gauge"
"mysql_global_variables_key_cache_age_threshold","app","mysql","Generic gauge metric from SHOW GLOBAL VARIABLES.","gauge"
"mysql_global_variables_key_cache_block_size","app","mysql","Generic gauge metric from SHOW GLOBAL VARIABLES.","gauge"
"mysql_global_variables_key_cache_division_limit","app","mysql","Generic gauge metric from SHOW GLOBAL VARIABLES.","gauge"
"mysql_global_variables_large_files_support","app","mysql","Generic gauge metric from SHOW GLOBAL VARIABLES.","gauge"
"mysql_global_variables_large_page_size","app","mysql","Generic gauge metric from SHOW GLOBAL VARIABLES.","gauge"
"mysql_global_variables_large_pages","app","mysql","Generic gauge metric from SHOW GLOBAL VARIABLES.","gauge"
"mysql_global_variables_local_infile","app","mysql","Generic gauge metric from SHOW GLOBAL VARIABLES.","gauge"
"mysql_global_variables_lock_wait_timeout","app","mysql","Generic gauge metric from SHOW GLOBAL VARIABLES.","gauge"
"mysql_global_variables_locked_in_memory","app","mysql","Generic gauge metric from SHOW GLOBAL VARIABLES.","gauge"
"mysql_global_variables_log","app","mysql","Generic gauge metric from SHOW GLOBAL VARIABLES.","gauge"
"mysql_global_variables_log_bin","app","mysql","Generic gauge metric from SHOW GLOBAL VARIABLES.","gauge"
"mysql_global_variables_log_bin_trust_function_crea","app","mysql","Generic gauge metric from SHOW GLOBAL VARIABLES.","gauge"
"mysql_global_variables_log_queries_not_using_index","app","mysql","Generic gauge metric from SHOW GLOBAL VARIABLES.","gauge"
"mysql_global_variables_log_slave_updates","app","mysql","Generic gauge metric from SHOW GLOBAL VARIABLES.","gauge"
"mysql_global_variables_log_slow_queries","app","mysql","Generic gauge metric from SHOW GLOBAL VARIABLES.","gauge"
"mysql_global_variables_log_warnings","app","mysql","Generic gauge metric from SHOW GLOBAL VARIABLES.","gauge"
"mysql_global_variables_long_query_time","app","mysql","Generic gauge metric from SHOW GLOBAL VARIABLES.","gauge"
"mysql_global_variables_low_priority_updates","app","mysql","Generic gauge metric from SHOW GLOBAL VARIABLES.","gauge"
"mysql_global_variables_lower_case_file_system","app","mysql","Generic gauge metric from SHOW GLOBAL VARIABLES.","gauge"
"mysql_global_variables_lower_case_table_names","app","mysql","Generic gauge metric from SHOW GLOBAL VARIABLES.","gauge"
"mysql_global_variables_max_allowed_packet","app","mysql","Generic gauge metric from SHOW GLOBAL VARIABLES.","gauge"
"mysql_global_variables_max_binlog_cache_size","app","mysql","Generic gauge metric from SHOW GLOBAL VARIABLES.","gauge"
"mysql_global_variables_max_binlog_size","app","mysql","Generic gauge metric from SHOW GLOBAL VARIABLES.","gauge"
"mysql_global_variables_max_binlog_stmt_cache_size","app","mysql","Generic gauge metric from SHOW GLOBAL VARIABLES.","gauge"
"mysql_global_variables_max_connect_errors","app","mysql","Generic gauge metric from SHOW GLOBAL VARIABLES.","gauge"
"mysql_global_variables_max_connections","app","mysql","Generic gauge metric from SHOW GLOBAL VARIABLES.","gauge"
"mysql_global_variables_max_delayed_threads","app","mysql","Generic gauge metric from SHOW GLOBAL VARIABLES.","gauge"
"mysql_global_variables_max_error_count","app","mysql","Generic gauge metric from SHOW GLOBAL VARIABLES.","gauge"
"mysql_global_variables_max_heap_table_size","app","mysql","Generic gauge metric from SHOW GLOBAL VARIABLES.","gauge"
"mysql_global_variables_max_insert_delayed_threads","app","mysql","Generic gauge metric from SHOW GLOBAL VARIABLES.","gauge"
"mysql_global_variables_max_join_size","app","mysql","Generic gauge metric from SHOW GLOBAL VARIABLES.","gauge"
"mysql_global_variables_max_length_for_sort_data","app","mysql","Generic gauge metric from SHOW GLOBAL VARIABLES.","gauge"
"mysql_global_variables_max_long_data_size","app","mysql","Generic gauge metric from SHOW GLOBAL VARIABLES.","gauge"
"mysql_global_variables_max_prepared_stmt_count","app","mysql","Generic gauge metric from SHOW GLOBAL VARIABLES.","gauge"
"mysql_global_variables_max_relay_log_size","app","mysql","Generic gauge metric from SHOW GLOBAL VARIABLES.","gauge"
"mysql_global_variables_max_seeks_for_key","app","mysql","Generic gauge metric from SHOW GLOBAL VARIABLES.","gauge"
"mysql_global_variables_max_sort_length","app","mysql","Generic gauge metric from SHOW GLOBAL VARIABLES.","gauge"
"mysql_global_variables_max_sp_recursion_depth","app","mysql","Generic gauge metric from SHOW GLOBAL VARIABLES.","gauge"
"mysql_global_variables_max_tmp_tables","app","mysql","Generic gauge metric from SHOW GLOBAL VARIABLES.","gauge"
"mysql_global_variables_max_user_connections","app","mysql","Generic gauge metric from SHOW GLOBAL VARIABLES.","gauge"
"mysql_global_variables_max_write_lock_count","app","mysql","Generic gauge metric from SHOW GLOBAL VARIABLES.","gauge"
"mysql_global_variables_metadata_locks_cache_size","app","mysql","Generic gauge metric from SHOW GLOBAL VARIABLES.","gauge"
"mysql_global_variables_min_examined_row_limit","app","mysql","Generic gauge metric from SHOW GLOBAL VARIABLES.","gauge"
"mysql_global_variables_multi_range_count","app","mysql","Generic gauge metric from SHOW GLOBAL VARIABLES.","gauge"
"mysql_global_variables_myisam_data_pointer_size","app","mysql","Generic gauge metric from SHOW GLOBAL VARIABLES.","gauge"
"mysql_global_variables_myisam_max_sort_file_size","app","mysql","Generic gauge metric from SHOW GLOBAL VARIABLES.","gauge"
"mysql_global_variables_myisam_mmap_size","app","mysql","Generic gauge metric from SHOW GLOBAL VARIABLES.","gauge"
"mysql_global_variables_myisam_repair_threads","app","mysql","Generic gauge metric from SHOW GLOBAL VARIABLES.","gauge"
"mysql_global_variables_myisam_sort_buffer_size","app","mysql","Generic gauge metric from SHOW GLOBAL VARIABLES.","gauge"
"mysql_global_variables_myisam_use_mmap","app","mysql","Generic gauge metric from SHOW GLOBAL VARIABLES.","gauge"
"mysql_global_variables_net_buffer_length","app","mysql","Generic gauge metric from SHOW GLOBAL VARIABLES.","gauge"
"mysql_global_variables_net_read_timeout","app","mysql","Generic gauge metric from SHOW GLOBAL VARIABLES.","gauge"
"mysql_global_variables_net_retry_count","app","mysql","Generic gauge metric from SHOW GLOBAL VARIABLES.","gauge"
"mysql_global_variables_net_write_timeout","app","mysql","Generic gauge metric from SHOW GLOBAL VARIABLES.","gauge"
"mysql_global_variables_new","app","mysql","Generic gauge metric from SHOW GLOBAL VARIABLES.","gauge"
"mysql_global_variables_old","app","mysql","Generic gauge metric from SHOW GLOBAL VARIABLES.","gauge"
"mysql_global_variables_old_alter_table","app","mysql","Generic gauge metric from SHOW GLOBAL VARIABLES.","gauge"
"mysql_global_variables_old_passwords","app","mysql","Generic gauge metric from SHOW GLOBAL VARIABLES.","gauge"
"mysql_global_variables_open_files_limit","app","mysql","Generic gauge metric from SHOW GLOBAL VARIABLES.","gauge"
"mysql_global_variables_optimizer_prune_level","app","mysql","Generic gauge metric from SHOW GLOBAL VARIABLES.","gauge"
"mysql_global_variables_optimizer_search_depth","app","mysql","Generic gauge metric from SHOW GLOBAL VARIABLES.","gauge"
"mysql_global_variables_performance_schema","app","mysql","Generic gauge metric from SHOW GLOBAL VARIABLES.","gauge"
"mysql_global_variables_performance_schema_events_w","app","mysql","Generic gauge metric from SHOW GLOBAL VARIABLES.","gauge"
"mysql_global_variables_performance_schema_events_w","app","mysql","Generic gauge metric from SHOW GLOBAL VARIABLES.","gauge"
"mysql_global_variables_performance_schema_max_cond","app","mysql","Generic gauge metric from SHOW GLOBAL VARIABLES.","gauge"
"mysql_global_variables_performance_schema_max_cond","app","mysql","Generic gauge metric from SHOW GLOBAL VARIABLES.","gauge"
"mysql_global_variables_performance_schema_max_file","app","mysql","Generic gauge metric from SHOW GLOBAL VARIABLES.","gauge"
"mysql_global_variables_performance_schema_max_file","app","mysql","Generic gauge metric from SHOW GLOBAL VARIABLES.","gauge"
"mysql_global_variables_performance_schema_max_file","app","mysql","Generic gauge metric from SHOW GLOBAL VARIABLES.","gauge"
"mysql_global_variables_performance_schema_max_mute","app","mysql","Generic gauge metric from SHOW GLOBAL VARIABLES.","gauge"
"mysql_global_variables_performance_schema_max_mute","app","mysql","Generic gauge metric from SHOW GLOBAL VARIABLES.","gauge"
"mysql_global_variables_performance_schema_max_rwlo","app","mysql","Generic gauge metric from SHOW GLOBAL VARIABLES.","gauge"
"mysql_global_variables_performance_schema_max_rwlo","app","mysql","Generic gauge metric from SHOW GLOBAL VARIABLES.","gauge"
"mysql_global_variables_performance_schema_max_tabl","app","mysql","Generic gauge metric from SHOW GLOBAL VARIABLES.","gauge"
"mysql_global_variables_performance_schema_max_tabl","app","mysql","Generic gauge metric from SHOW GLOBAL VARIABLES.","gauge"
"mysql_global_variables_performance_schema_max_thre","app","mysql","Generic gauge metric from SHOW GLOBAL VARIABLES.","gauge"
"mysql_global_variables_performance_schema_max_thre","app","mysql","Generic gauge metric from SHOW GLOBAL VARIABLES.","gauge"
"mysql_global_variables_port","app","mysql","Generic gauge metric from SHOW GLOBAL VARIABLES.","gauge"
"mysql_global_variables_preload_buffer_size","app","mysql","Generic gauge metric from SHOW GLOBAL VARIABLES.","gauge"
"mysql_global_variables_profiling","app","mysql","Generic gauge metric from SHOW GLOBAL VARIABLES.","gauge"
"mysql_global_variables_profiling_history_size","app","mysql","Generic gauge metric from SHOW GLOBAL VARIABLES.","gauge"
"mysql_global_variables_protocol_version","app","mysql","Generic gauge metric from SHOW GLOBAL VARIABLES.","gauge"
"mysql_global_variables_query_alloc_block_size","app","mysql","Generic gauge metric from SHOW GLOBAL VARIABLES.","gauge"
"mysql_global_variables_query_cache_limit","app","mysql","Generic gauge metric from SHOW GLOBAL VARIABLES.","gauge"
"mysql_global_variables_query_cache_min_res_unit","app","mysql","Generic gauge metric from SHOW GLOBAL VARIABLES.","gauge"
"mysql_global_variables_query_cache_size","app","mysql","Generic gauge metric from SHOW GLOBAL VARIABLES.","gauge"
"mysql_global_variables_query_cache_type","app","mysql","Generic gauge metric from SHOW GLOBAL VARIABLES.","gauge"
"mysql_global_variables_query_cache_wlock_invalidat","app","mysql","Generic gauge metric from SHOW GLOBAL VARIABLES.","gauge"
"mysql_global_variables_query_prealloc_size","app","mysql","Generic gauge metric from SHOW GLOBAL VARIABLES.","gauge"
"mysql_global_variables_range_alloc_block_size","app","mysql","Generic gauge metric from SHOW GLOBAL VARIABLES.","gauge"
"mysql_global_variables_read_buffer_size","app","mysql","Generic gauge metric from SHOW GLOBAL VARIABLES.","gauge"
"mysql_global_variables_read_only","app","mysql","Generic gauge metric from SHOW GLOBAL VARIABLES.","gauge"
"mysql_global_variables_read_rnd_buffer_size","app","mysql","Generic gauge metric from SHOW GLOBAL VARIABLES.","gauge"
"mysql_global_variables_relay_log_purge","app","mysql","Generic gauge metric from SHOW GLOBAL VARIABLES.","gauge"
"mysql_global_variables_relay_log_recovery","app","mysql","Generic gauge metric from SHOW GLOBAL VARIABLES.","gauge"
"mysql_global_variables_relay_log_space_limit","app","mysql","Generic gauge metric from SHOW GLOBAL VARIABLES.","gauge"
"mysql_global_variables_report_port","app","mysql","Generic gauge metric from SHOW GLOBAL VARIABLES.","gauge"
"mysql_global_variables_rpl_recovery_rank","app","mysql","Generic gauge metric from SHOW GLOBAL VARIABLES.","gauge"
"mysql_global_variables_secure_auth","app","mysql","Generic gauge metric from SHOW GLOBAL VARIABLES.","gauge"
"mysql_global_variables_server_id","app","mysql","Generic gauge metric from SHOW GLOBAL VARIABLES.","gauge"
"mysql_global_variables_skip_external_locking","app","mysql","Generic gauge metric from SHOW GLOBAL VARIABLES.","gauge"
"mysql_global_variables_skip_name_resolve","app","mysql","Generic gauge metric from SHOW GLOBAL VARIABLES.","gauge"
"mysql_global_variables_skip_networking","app","mysql","Generic gauge metric from SHOW GLOBAL VARIABLES.","gauge"
"mysql_global_variables_skip_show_database","app","mysql","Generic gauge metric from SHOW GLOBAL VARIABLES.","gauge"
"mysql_global_variables_slave_compressed_protocol","app","mysql","Generic gauge metric from SHOW GLOBAL VARIABLES.","gauge"
"mysql_global_variables_slave_max_allowed_packet","app","mysql","Generic gauge metric from SHOW GLOBAL VARIABLES.","gauge"
"mysql_global_variables_slave_net_timeout","app","mysql","Generic gauge metric from SHOW GLOBAL VARIABLES.","gauge"
"mysql_global_variables_slave_skip_errors","app","mysql","Generic gauge metric from SHOW GLOBAL VARIABLES.","gauge"
"mysql_global_variables_slave_transaction_retries","app","mysql","Generic gauge metric from SHOW GLOBAL VARIABLES.","gauge"
"mysql_global_variables_slow_launch_time","app","mysql","Generic gauge metric from SHOW GLOBAL VARIABLES.","gauge"
"mysql_global_variables_slow_query_log","app","mysql","Generic gauge metric from SHOW GLOBAL VARIABLES.","gauge"
"mysql_global_variables_sort_buffer_size","app","mysql","Generic gauge metric from SHOW GLOBAL VARIABLES.","gauge"
"mysql_global_variables_sql_auto_is_null","app","mysql","Generic gauge metric from SHOW GLOBAL VARIABLES.","gauge"
"mysql_global_variables_sql_big_selects","app","mysql","Generic gauge metric from SHOW GLOBAL VARIABLES.","gauge"
"mysql_global_variables_sql_big_tables","app","mysql","Generic gauge metric from SHOW GLOBAL VARIABLES.","gauge"
"mysql_global_variables_sql_buffer_result","app","mysql","Generic gauge metric from SHOW GLOBAL VARIABLES.","gauge"
"mysql_global_variables_sql_log_bin","app","mysql","Generic gauge metric from SHOW GLOBAL VARIABLES.","gauge"
"mysql_global_variables_sql_log_off","app","mysql","Generic gauge metric from SHOW GLOBAL VARIABLES.","gauge"
"mysql_global_variables_sql_low_priority_updates","app","mysql","Generic gauge metric from SHOW GLOBAL VARIABLES.","gauge"
"mysql_global_variables_sql_max_join_size","app","mysql","Generic gauge metric from SHOW GLOBAL VARIABLES.","gauge"
"mysql_global_variables_sql_notes","app","mysql","Generic gauge metric from SHOW GLOBAL VARIABLES.","gauge"
"mysql_global_variables_sql_quote_show_create","app","mysql","Generic gauge metric from SHOW GLOBAL VARIABLES.","gauge"
"mysql_global_variables_sql_safe_updates","app","mysql","Generic gauge metric from SHOW GLOBAL VARIABLES.","gauge"
"mysql_global_variables_sql_select_limit","app","mysql","Generic gauge metric from SHOW GLOBAL VARIABLES.","gauge"
"mysql_global_variables_sql_slave_skip_counter","app","mysql","Generic gauge metric from SHOW GLOBAL VARIABLES.","gauge"
"mysql_global_variables_sql_warnings","app","mysql","Generic gauge metric from SHOW GLOBAL VARIABLES.","gauge"
"mysql_global_variables_stored_program_cache","app","mysql","Generic gauge metric from SHOW GLOBAL VARIABLES.","gauge"
"mysql_global_variables_sync_binlog","app","mysql","Generic gauge metric from SHOW GLOBAL VARIABLES.","gauge"
"mysql_global_variables_sync_frm","app","mysql","Generic gauge metric from SHOW GLOBAL VARIABLES.","gauge"
"mysql_global_variables_sync_master_info","app","mysql","Generic gauge metric from SHOW GLOBAL VARIABLES.","gauge"
"mysql_global_variables_sync_relay_log","app","mysql","Generic gauge metric from SHOW GLOBAL VARIABLES.","gauge"
"mysql_global_variables_sync_relay_log_info","app","mysql","Generic gauge metric from SHOW GLOBAL VARIABLES.","gauge"
"mysql_global_variables_table_definition_cache","app","mysql","Generic gauge metric from SHOW GLOBAL VARIABLES.","gauge"
"mysql_global_variables_table_open_cache","app","mysql","Generic gauge metric from SHOW GLOBAL VARIABLES.","gauge"
"mysql_global_variables_thread_cache_size","app","mysql","Generic gauge metric from SHOW GLOBAL VARIABLES.","gauge"
"mysql_global_variables_thread_concurrency","app","mysql","Generic gauge metric from SHOW GLOBAL VARIABLES.","gauge"
"mysql_global_variables_thread_stack","app","mysql","Generic gauge metric from SHOW GLOBAL VARIABLES.","gauge"
"mysql_global_variables_timed_mutexes","app","mysql","Generic gauge metric from SHOW GLOBAL VARIABLES.","gauge"
"mysql_global_variables_tmp_table_size","app","mysql","Generic gauge metric from SHOW GLOBAL VARIABLES.","gauge"
"mysql_global_variables_transaction_alloc_block_siz","app","mysql","Generic gauge metric from SHOW GLOBAL VARIABLES.","gauge"
"mysql_global_variables_transaction_prealloc_size","app","mysql","Generic gauge metric from SHOW GLOBAL VARIABLES.","gauge"
"mysql_global_variables_unique_checks","app","mysql","Generic gauge metric from SHOW GLOBAL VARIABLES.","gauge"
"mysql_global_variables_wait_timeout","app","mysql","Generic gauge metric from SHOW GLOBAL VARIABLES.","gauge"
"mysql_info_schema_table_rows","app","mysql","The estimated number of rows in the table from information_schema.tables","gauge"
"mysql_info_schema_table_size","app","mysql","The size of the table components from information_schema.tables","gauge"
"mysql_info_schema_table_version","app","mysql","The version number of the table's .frm file","gauge"
"mysql_up","app","mysql","Whether the MySQL server is up.","gauge"
"mysql_version_info","app","mysql","MySQL version and distribution.","gauge"
"mysqld_exporter_build_info","app","mysql","A metric with a constant '1' value labeled by version, revision, branch, and goversion from which mysqld_exporter was built.","gauge"
"process_cpu_seconds_total","app","mysql","Total user and system CPU time spent in seconds.","counter"
"process_max_fds","app","mysql","Maximum number of open file descriptors.","gauge"
"process_open_fds","app","mysql","Number of open file descriptors.","gauge"
"process_resident_memory_bytes","app","mysql","Resident memory size in bytes.","gauge"
"process_start_time_seconds","app","mysql","Start time of the process since unix epoch in seconds.","gauge"
"process_virtual_memory_bytes","app","mysql","Virtual memory size in bytes.","gauge"
